{
    "gyro_bias": [
        -0.0016067765119457747,
        0.0018723505919155674,
        -0.0075864595615467885
    ],
    "gyro_to_camera_rotation": {
        "w": -0.002494669380069499,
        "x": 0.00010964373559668742,
        "y": 0.7095202053395893,
        "z": -0.7046806672655366
    },
    "time_offset_gyro_to_cam": -0.012422480060567525
}
