{"so3": {"knot_spacing": 0.05007449488429904, "weighting_factor": 0.04469401688276501, "quality_factor": 0.99}, "r3": {"knot_spacing": 0.08977125847059694, "weighting_factor": 0.2595976793764537, "quality_factor": 0.99}, "camera_fps": 59.94005994005993}